Workbook

Sheet demeaned
A1: observation_date | B1: R_obs | C1: Pai_obs | D1: Dy_obs
A2: 19906 | B2: =raw_data!B2-AVERAGE(raw_data!B$2:B$285) -> -3.5773944 | C2: =raw_data!C2-AVERAGE(raw_data!C$2:C$285) -> -3.5873261 | D2: =raw_data!D2-AVERAGE(raw_data!D$2:D$285) -> 0.37402546
A3: 19998 | B3: =raw_data!B3-AVERAGE(raw_data!B$2:B$285) -> -3.6173944 | C3: =raw_data!C3-AVERAGE(raw_data!C$2:C$285) -> -4.0707561 | D3: =raw_data!D3-AVERAGE(raw_data!D$2:D$285) -> 1.2012955
A4: 20090 | B4: =raw_data!B4-AVERAGE(raw_data!B$2:B$285) -> -3.2673944 | C4: =raw_data!C4-AVERAGE(raw_data!C$2:C$285) -> -4.1685261 | D4: =raw_data!D4-AVERAGE(raw_data!D$2:D$285) -> 2.1009355
A5: 20180 | B5: =raw_data!B5-AVERAGE(raw_data!B$2:B$285) -> -3.1073944 | C5: =raw_data!C5-AVERAGE(raw_data!C$2:C$285) -> -4.1447061 | D5: =raw_data!D5-AVERAGE(raw_data!D$2:D$285) -> 0.87187546
A6: 20271 | B6: =raw_data!B6-AVERAGE(raw_data!B$2:B$285) -> -2.6673944 | C6: =raw_data!C6-AVERAGE(raw_data!C$2:C$285) -> -3.8108761 | D6: =raw_data!D6-AVERAGE(raw_data!D$2:D$285) -> 0.59515546
A7: 20363 | B7: =raw_data!B7-AVERAGE(raw_data!B$2:B$285) -> -2.2473944 | C7: =raw_data!C7-AVERAGE(raw_data!C$2:C$285) -> -3.2011661 | D7: =raw_data!D7-AVERAGE(raw_data!D$2:D$285) -> -0.15499454
A8: 20455 | B8: =raw_data!B8-AVERAGE(raw_data!B$2:B$285) -> -2.1273944 | C8: =raw_data!C8-AVERAGE(raw_data!C$2:C$285) -> -3.3260861 | D8: =raw_data!D8-AVERAGE(raw_data!D$2:D$285) -> -1.1437045
A9: 20546 | B9: =raw_data!B9-AVERAGE(raw_data!B$2:B$285) -> -1.9173944 | C9: =raw_data!C9-AVERAGE(raw_data!C$2:C$285) -> -2.5284361 | D9: =raw_data!D9-AVERAGE(raw_data!D$2:D$285) -> 0.070915458
A10: 20637 | B10: =raw_data!B10-AVERAGE(raw_data!B$2:B$285) -> -1.7973944 | C10: =raw_data!C10-AVERAGE(raw_data!C$2:C$285) -> -1.5582261 | D10: =raw_data!D10-AVERAGE(raw_data!D$2:D$285) -> -0.84536454
A11: 20729 | B11: =raw_data!B11-AVERAGE(raw_data!B$2:B$285) -> -1.6773944 | C11: =raw_data!C11-AVERAGE(raw_data!C$2:C$285) -> -0.99329609 | D11: =raw_data!D11-AVERAGE(raw_data!D$2:D$285) -> 0.89024546
A12: 20821 | B12: =raw_data!B12-AVERAGE(raw_data!B$2:B$285) -> -1.6773944 | C12: =raw_data!C12-AVERAGE(raw_data!C$2:C$285) -> -0.16214609 | D12: =raw_data!D12-AVERAGE(raw_data!D$2:D$285) -> -0.11539454
A13: 20911 | B13: =raw_data!B13-AVERAGE(raw_data!B$2:B$285) -> -1.6073944 | C13: =raw_data!C13-AVERAGE(raw_data!C$2:C$285) -> 0.037473908 | D13: =raw_data!D13-AVERAGE(raw_data!D$2:D$285) -> -0.97480454
... A285: 45748 | B285: =raw_data!B285-AVERAGE(raw_data!B$2:B$285) -> -0.27739437 | C285: =raw_data!C285-AVERAGE(raw_data!C$2:C$285) -> -1.1141061 | D285: =raw_data!D285-AVERAGE(raw_data!D$2:D$285) -> 0.19033546

Sheet raw_data
A1: observation_date | B1: R_obs | C1: Pai_obs | D1: Dy_obs
A2: 19906 | B2: 1.03 | C2: -0.01242 | D2: 1.12969
A3: 19998 | B3: 0.99 | C3: -0.49585 | D3: 1.95696
A4: 20090 | B4: 1.34 | C4: -0.59362 | D4: 2.8566
A5: 20180 | B5: 1.5 | C5: -0.5698 | D5: 1.62754
A6: 20271 | B6: 1.94 | C6: -0.23597 | D6: 1.35082
A7: 20363 | B7: 2.36 | C7: 0.37374 | D7: 0.60067
A8: 20455 | B8: 2.48 | C8: 0.24882 | D8: -0.38804
A9: 20546 | B9: 2.69 | C9: 1.04647 | D9: 0.82658
A10: 20637 | B10: 2.81 | C10: 2.01668 | D10: -0.0897
A11: 20729 | B11: 2.93 | C11: 2.58161 | D11: 1.64591
A12: 20821 | B12: 2.93 | C12: 3.41276 | D12: 0.64027
A13: 20911 | B13: 3 | C13: 3.61238 | D13: -0.21914
... A285: 45748 | B285: 4.33 | C285: 2.4608 | D285: 0.946
